{
  "gap3": {
    "sharpe": 0.693062417137073,
    "return": 0.32466826280588146,
    "max_dd": 0.21445210825412506,
    "annual_ret": 0.16302135929875416,
    "calmar": 0.7601760627392592,
    "trades": 64,
    "win_rate": 0.828125,
    "pl_ratio": 3.3125950931107147,
    "max_consec_loss": 2,
    "final_eq": 1324668.2628058814
  },
  "gap2": {
    "sharpe": -0.5757757825039155,
    "return": -0.2127048874276205,
    "max_dd": 0.3213324509815956,
    "annual_ret": -0.12054804077715398,
    "calmar": -0.37515053462203357,
    "trades": 34,
    "win_rate": 0.8235294117647058,
    "pl_ratio": 1.9173274088447592,
    "max_consec_loss": 2,
    "final_eq": 787295.1125723795
  }
}