{
  "total_signals": 3070,
  "by_type": {
    "1buy": {
      "count": 1850,
      "old_conf_avg": 0.8113392798587548,
      "new_conf_avg": 0.8113392798587548,
      "t5_win_rate": 0.9702970297029703,
      "t5_avg_ret": 9.081365357774912
    },
    "2buy": {
      "count": 989,
      "old_conf_avg": 0.5999999999999999,
      "new_conf_avg": 0.7687310915132227,
      "t5_win_rate": 0.9729166666666667,
      "t5_avg_ret": 8.678936819310108
    },
    "3buy": {
      "count": 231,
      "old_conf_avg": 0.5499999999999998,
      "new_conf_avg": 0.7719034801682844,
      "t5_win_rate": 0.9728506787330317,
      "t5_avg_ret": 10.872617747400753
    }
  }
}